Claims,Beneficiaries,Female_Ratio,Age,Pens_ratio,Depen_ratio
-0.523689181,-0.363988381,0.318899005,0.989854874,1.032382592,0.39103557
0.315298198,-0.246976686,-0.23150811,0.202029599,0.21938898,0.500474089
-0.795031266,0.110599297,0.514211707,-0.724255432,-0.602058639,-0.443807364
-0.299548089,-0.230417451,0.450036158,-0.257356257,-0.25826238,-0.823864469
-0.097803486,2.452157938,0.705181942,-0.673808854,-0.592195631,0.97498032
-0.829272053,-0.296302508,-0.176747441,0.246036188,0.02071983,-0.154047485
2.537582047,-0.35190014,-0.008702954,1.790560127,1.381110355,-0.703059323
0.292960441,-0.225822263,0.217686293,0.495049081,0.573752747,-0.252984403
-0.587628809,-0.354963598,0.010699544,-1.286681105,-0.761275759,-0.741219647
-0.038151298,-0.335423701,0.452591568,-0.787581987,-0.502724064,0.201496748
0.406137107,-0.209159533,-0.19269148,0.14299637,0.1137139,0.369411508
-0.5024086,-0.157163535,0.327079748,-0.639462248,-0.396344484,-0.167696438
0.938190776,-0.365230324,0.496199193,0.53154235,0.324359559,-0.382396766
-1.011654656,-0.385101406,0.540111766,-1.131048047,-0.6830762,-0.724694242
-0.507909836,-0.242071013,0.62532068,-0.084549895,0.031287338,-1.136372327
-0.541837385,0.7448594,-0.198899928,-0.211203005,-0.13920179,0.818519876
1.803744621,-0.240021808,0.57761196,1.274287705,1.257118261,-0.617661007
0.066019787,0.317237852,0.161540501,-0.392596018,-0.226559856,0.980356762
-0.407478025,0.833161521,0.254925138,-0.516029133,-0.320258427,0.912762636
0.086125727,-0.269145362,0.732088462,0.418842549,0.396218613,-1.235823489
-0.70587601,-0.378270722,0.35714271,-0.769335352,-0.546403097,-0.820113921
0.727029468,-0.354901501,0.568626129,0.163389667,0.120758906,-0.003499498
-0.406871127,-0.106119693,0.800120488,-0.726402095,-0.553448102,-0.25108291
-0.6818546,0.394672975,-1.822534353,-0.52890911,-0.556970605,-0.583414011
-0.301094699,-0.228823625,-7.694650962,0.402742578,-0.769025264,-2.885508235
1.567093601,-0.400998272,-0.397421676,1.184127864,0.526551211,0.250209458
0.545116722,-0.352728102,0.137128427,0.496122413,0.542754723,0.16214006
0.419371396,-0.403150972,-0.845807235,-0.186516382,-0.003937688,-0.005789351
0.941518926,8.888981014,0.043227358,-0.107089855,-0.249103873,0.613622758
-0.746929715,1.607947433,-0.481205696,-0.118896501,-0.263193884,-0.174400558
0.293723957,2.078478098,0.053936439,-0.041616638,-0.101863262,0.431569641
-0.873653908,0.383785278,-0.499412024,-0.305656171,-0.29841891,0.121596472
-0.845423368,-0.303692067,-0.431681669,-0.154316439,-0.200493336,-0.021314729
-0.891136483,2.449570557,-0.252408853,-0.226229645,-0.316735924,0.043939555
-1.041725467,0.09451614,-0.551593379,-0.437675938,-0.378731971,-1.388841965
-0.810399487,2.487760293,-0.121819598,-0.885255148,-0.580219122,-0.642020581
-0.078441486,2.708805383,0.023136003,-0.412989315,-0.437910015,0.199404139
-0.328052712,0.154005192,-0.082532424,-0.459142567,-0.342097943,0.146817582
-1.258662094,-0.399921922,-1.087598175,-1.064501498,-0.74929925,-0.473305384
-0.848634053,-0.366058286,-0.573329756,-1.135341373,-0.684485201,-0.741948104
-0.559848548,-0.402364409,-0.301466769,0.36732264,0.182050452,-1.107543329
0.332604577,-0.350554702,0.614415063,-0.128556484,-0.242058868,0.237123484
-0.858422729,-0.382244938,0.369735395,-0.572915699,-0.728164234,0.897854269
-0.146786019,-0.30447863,-0.279169488,-0.114603175,-0.243467869,0.278532037
-0.575197191,-0.360200456,1.154683685,-0.786508655,-0.51117807,-0.498588569
-0.456773795,-0.345297145,1.485090003,-0.734988746,-0.504837566,-0.519555942
0.899251425,-0.364961236,0.99149796,0.575548939,0.389878108,-0.528575178
-1.057759317,-0.28024005,-0.445749177,-0.912088434,-0.711256221,-0.410976068
0.603104836,-0.345793922,0.823439256,0.709715369,0.632226291,-0.558667153
2.199363731,-0.388019971,0.419071437,1.350494237,1.016883581,-0.394916424
-0.891116905,-0.347201457,0.269169515,0.562668962,0.575161748,0.585920649
-0.340171092,-0.137437346,-0.708866569,-0.692055489,-0.358301455,0.980484838
1.160648216,-0.067474578,0.186770172,0.922234994,0.895709489,0.093447943
-1.015374352,-0.398100406,-1.593505783,-1.132121378,-0.539358092,1.400014182
2.621627615,0.731135934,2.626806377,3.079631184,3.426275395,-1.967500731
0.510464811,0.696299443,0.713169488,0.80738853,0.313792051,-0.500053938
-0.221277839,0.195051396,0.22253949,-0.3271228,-0.375209468,0.74752561
-0.309924085,-0.101979884,0.489845669,-0.432309281,-0.343506944,0.050788872
-0.671537336,-0.327019889,0.822268811,-0.823001924,-0.65630518,-0.229923946
-0.197491358,-0.346083708,0.927780206,-0.30458284,-0.056070728,-1.327626518
0.088337968,-0.366596461,1.128310553,0.880375067,0.953478533,-1.03398699
1.526842568,-0.336603546,0.872269882,1.241014431,0.937979521,-0.673412543
-0.125211778,-0.184382778,0.012383748,0.504709064,0.364516089,0.481364244
0.877168173,-0.259830793,0.522865517,1.172321219,0.801306418,-0.528236311
2.904755266,-0.385370494,0.837567876,2.004153083,1.594574016,-1.129249869
-0.53692347,-0.276824708,-0.472312974,-0.694202152,-0.545698596,1.00399052
0.864345008,-0.268896974,-0.113993336,0.432795858,0.167255941,0.525075021
0.702087923,-0.356847211,-0.137855924,0.085036472,0.280680526,-0.285015993
-0.524942131,-0.403916837,0.489298645,0.34478268,0.044672848,-1.085313741
0.51216804,-0.403916837,0.820524913,0.18807629,0.141189421,-1.741781275
-0.628016885,-0.373965321,0.128011273,-0.284189543,-0.261784882,-1.997080587
-0.653741524,0.924133819,-0.67772879,-0.765042027,-0.595718134,1.24292034
0.65155878,0.304425144,-0.265665556,0.275016137,0.132030914,0.418677887
-0.127913452,0.61799496,-0.444193484,-0.534275768,-0.461158533,0.715148519
-1.176123982,-0.394643665,0.221719778,-0.752162049,-0.509064569,-1.034255155
-0.78140543,-0.271898335,-0.259450389,-0.895988462,-0.639397167,1.215078442
1.188526364,-0.139238163,0.864606467,2.049233003,1.91864426,-1.098854492
2.061265096,-0.25707782,0.741053786,2.063186312,2.06518037,-1.335758508
-0.383260842,-0.143998943,-0.027781782,-0.699568809,-0.403389489,0.904226487
-0.535181086,-0.288747357,-0.101893748,-0.504222487,-0.378731971,0.409939864
-0.932151033,-0.299469462,-0.339309181,-0.861641856,-0.647851173,0.249895032
1.44937499,-0.29475008,0.282106564,0.804168535,0.895004989,0.909962084
-0.373844136,-0.364526557,0.1595804,-0.459142567,-0.409025493,-0.175959179
0.757648445,0.045707794,0.053287809,0.110796427,-0.342097943,0.493770925
-0.370065707,0.05878959,-0.277046366,0.254622839,-0.060297731,0.039498466
0.366864941,-0.255670285,0.134703607,-0.128556484,-0.211765345,0.461484129
0.364045802,-0.37160563,1.216005457,2.194132747,2.175082453,-1.157972035
2.580260673,-0.39886627,1.701818333,3.747243338,3.932811276,-1.760267045
-1.08826083,-0.126259862,-1.850648888,-0.45377591,-0.607694643,0.073642107
-1.025495843,-0.362953429,-1.342936217,-0.965755006,-0.740140743,-2.674498365
-0.576919998,0.267373855,-0.860563454,-1.212621236,-0.769729765,1.477602005
0.104117312,0.655646521,0.008441156,-0.46880255,-0.39141298,1.229594787
0.222795215,0.995069442,0.416445884,0.258916165,0.036218842,0.595378851
-0.569656801,-0.269952625,0.238756341,-0.097429872,-0.20472034,1.044991032
-0.63226517,-0.394395277,-0.13477457,-0.015856683,-0.189221328,-0.617170478
-1.077806525,-0.341219433,0.328656687,-0.414062647,-0.379436471,-0.844720666
-1.152200459,-0.292597379,-0.176950752,-1.037668212,-0.754230753,-0.821823343
-1.036126344,-0.125204211,-0.322552867,-0.785435324,-0.69646171,0.131578701
-0.774318429,0.558609403,0.264653939,-0.943215045,-0.732391237,0.760137366
0.118976522,0.031673843,-0.251718075,0.030296569,-0.075796742,0.552871075
0.181898128,1.881071317,0.739973207,-0.347516097,-0.23149136,-0.337491329
1.428192296,-0.037999139,0.423121526,0.454262487,0.267295016,0.220795238
-0.729251367,-0.019908175,0.765896227,-1.131048047,-0.6837807,-1.612320228
-0.122118556,8.533060954,0.485077138,-0.475242538,-0.482998049,0.591964943
-0.681580517,-0.00009919,-0.035968652,-0.880961822,-0.608399144,0.601119435
-0.699023937,1.677144337,0.118533529,-1.046254863,-0.682371699,1.258649188
-0.50677435,-0.319257748,-0.387326551,-0.115676507,-0.215992348,-0.903441564
-0.942801112,0.212873273,-0.416702074,-0.390449355,-0.480180047,1.36703898
-0.834068504,-0.337617799,-0.417305551,-0.316389486,-0.432978511,0.159516677
0.142958777,-0.0215227,-0.078878652,0.349076006,0.051013353,1.002979022
0.700463003,-0.33565139,-0.051688234,0.601308894,0.324359559,0.021971573
1.968527185,-0.272498607,-0.090942198,1.239941099,0.828077438,0.061475509
1.700513249,-0.060871583,0.384152795,1.098261349,0.775239899,-0.444276307
0.149673808,0.58270309,0.257743229,-0.173636404,-0.318849425,0.896521672
-0.23797732,0.15448127,-0.041069621,-0.261649582,-0.268829888,0.653520312
-0.746401126,-0.356495327,-0.04195858,-0.262722914,-0.206129341,0.625712254
-0.929155698,-0.16115845,-1.542482796,-0.318536149,-0.479475546,0.674760627
-0.277132022,-0.206717046,-0.771933648,-0.740355404,-0.532313086,1.002168046
-0.466210078,-0.376180118,-0.506681887,-0.459142567,-0.291373905,-0.337909896
1.254267109,-0.35080309,0.037855841,0.733328661,0.089760882,0.582154797
-0.070395195,-0.387771583,-0.027014145,0.212762913,-0.260375881,0.471745192
-0.114581276,-0.332318844,0.181219638,-0.225156313,-0.439319016,1.123100355
-0.870736883,-0.404972488,0.61695877,-0.692055489,-0.402684989,-0.903522732
-0.579190971,-0.232425258,-0.476660123,-0.492415841,-0.409729994,-1.187392027
0.651539202,-0.095708074,0.219029583,-0.579355688,-0.44425052,-0.168496949
2.269842194,-0.349747439,-0.016967843,0.53905567,0.28561203,0.014977058
-0.387000116,-0.249481271,0.784955531,-0.613702294,-0.37802747,-2.367248656
1.615782473,-0.30166356,1.480155916,2.078212952,2.385023611,-1.341874481
-0.215894068,-0.095666675,0.162851691,-0.496709167,-0.397048984,0.62559711
-0.966333088,-0.366223878,-0.632461047,-0.889548473,-0.701393214,0.628005893
2.883415954,-0.397707124,0.697519185,1.876426642,1.641775551,-0.787492594
-0.153892597,-0.36597549,0.140507348,-0.165049753,-0.089886753,0.381874123
0.756101834,-0.376221516,0.367291394,0.12796973,0.093987885,0.218500887
-0.966313511,-0.402592098,-0.959096788,-0.566475711,-0.402684989,0.120013985
0.100006069,-0.267841323,-0.724606282,-0.802608627,-0.6837807,1.393255333
-0.106084706,-0.346290699,-0.51907119,-0.489195847,-0.60417214,0.760436176
0.233660644,-0.285663199,0.342187457,0.491829087,0.613909277,0.283973069
2.330864798,-0.381520472,1.679898517,2.826324964,3.283261787,-1.488868921
-0.842056064,-0.043235997,-0.539622743,-0.712448786,-0.733095737,0.894619507
-0.963670568,-0.231266112,-2.95695562,-0.217642993,-0.75000375,-1.415289547
0.185480783,-0.329669367,0.058515259,-0.493489173,-0.626011657,-0.004645861
0.387323273,-0.143274476,0.350696179,0.366249309,0.339858571,0.257239728
0.595998257,-0.235530115,-0.01475292,0.750501964,0.793556912,-0.035936419
-0.481304216,1.936234269,1.702784533,-0.796168638,-0.714074223,0.98432131
0.244604384,0.202999829,1.141957219,-0.338929446,-0.499906062,-0.185870594
-0.873810527,0.221111492,0.474216277,-0.920675085,-0.691530206,0.819788037
-1.05086809,-0.252358438,0.274689686,-0.275602891,-0.304759415,-0.688432442
-1.061204931,-0.08473758,-1.233941812,-0.186516382,-0.578105621,0.880552557
-0.907287797,0.721221092,-0.575567309,0.086109804,-0.139906291,0.737208165
-0.361040548,-0.004880669,-0.427631153,0.281456125,0.062989862,-0.461925516
0.099536212,-0.226733021,2.33374748,3.741876681,4.486548693,-1.977781542
0.6486026,-0.232528754,2.630733263,4.167989261,5.319972821,-2.075314042
1.556991688,-0.158384778,3.134833655,4.407342172,5.581342518,-2.293249242
-0.498316934,-0.358047756,1.093813451,-0.802608627,-0.653487177,-0.629354883
0.357702741,-0.360179757,0.927855903,0.15050969,0.015788327,-0.225696026
-1.303043949,-0.358213348,-1.947851575,-1.059134841,-0.752117252,0.622560296
-1.009324951,-0.400480796,-0.565404806,-1.019421577,-0.747185748,0.501516998
1.463059558,-0.004880669,-0.004019612,0.44889583,0.069330367,0.048275154
0.702694821,0.151190122,0.246837496,0.466069133,0.484281179,0.166186651
-0.451233405,-0.239380137,0.036262718,-0.752162049,-0.61685315,0.63789732
-0.947480099,-0.31358621,-0.025077416,-0.436602607,-0.325894431,-1.255079964
0.515300416,-0.317291338,0.236214863,-0.068449924,-0.304759415,0.679155835
0.389750864,-0.212616273,0.202934387,-0.148949781,-0.056775228,-0.044479114
-0.649689012,-0.321141361,0.116129833,-0.952875028,-0.732391237,2.683631808
-0.990217456,-0.401081068,-0.571247433,-0.772555347,-0.745072246,-0.695700507
-0.03983495,-0.400956874,-0.396255721,-0.072743249,-0.721119228,2.096769078
-0.424686517,-0.393650111,0.087156645,0.541202333,0.106668895,0.414284793
-1.113065334,-0.277155892,-1.184667819,-0.707082129,-0.73591374,1.472508975
0.325791658,-0.174012557,-0.037992931,-0.552522402,-0.386481476,0.219584661
0.317040582,-0.368500773,-0.018712363,-0.249842937,-0.352665451,-0.074589142
1.787103872,-0.382721016,0.235952508,1.584480491,1.324045812,-0.510194633
0.480256958,-0.209552815,-0.014782098,0.873935079,0.602637269,-0.025661422
0.057621104,-0.234640056,0.137184235,0.296482765,0.008038821,0.232026987
-0.503348313,-0.235571513,-0.087227076,-0.682395506,-0.516109574,0.897627521
-0.773300407,-0.223110689,-0.253940482,-0.526762447,-0.526677082,-0.153611393
-0.332731699,-0.365913392,0.144041613,0.091476461,-0.105385765,-0.131763592
3.894037969,-0.391124828,1.182492443,2.436705652,2.25116851,-1.562400846
1.651393675,-0.374751884,0.731261279,2.249945982,2.213829982,-1.043125432
0.440534513,-0.353949345,0.490936886,0.910428348,0.831599941,-0.311533523
-0.50965222,-0.218122219,0.042943747,-0.421575967,-0.432274011,0.650467337
0.534251292,-0.257429703,0.01428423,0.442455841,0.079897875,0.441555251
-0.766957345,-0.365582208,0.587611595,-0.65556222,-0.396344484,-0.94122219
3.813261819,-0.369887609,0.038971475,1.990199774,1.476217926,-1.122127411
2.026691494,-0.244244412,0.177342294,1.473927353,0.996453065,-0.527880848
-0.223098533,-0.08107385,-0.15207356,0.812755187,0.260250011,0.086411544
0.576675412,-0.157474021,0.170896758,0.896475039,0.602637269,-0.251740017
-0.186958743,1.449806738,0.66300015,-0.607262305,-0.634465663,0.423304216
2.184504521,-0.358834319,0.689601498,0.677515426,-0.09974976,-0.862774052
-0.766781149,-0.044457241,0.032520481,-0.156463101,-0.288555903,0.069938032
-0.659086141,0.252346349,0.540547969,-0.675955517,-0.613330647,0.387619318
1.70523139,-0.371791921,0.301818209,1.220621133,0.947138028,-0.263229732
0.332545844,-0.323583848,0.061752525,-0.049129958,-0.241354367,0.15857784
0.687933498,-0.392677256,-0.228358268,0.301849423,0.210230473,1.152830259
-0.476997199,-0.36293273,-0.377153143,-0.380789372,-0.163859309,0.218402746
-0.203423295,-0.359848573,-0.477942209,0.310436074,-0.225150855,0.131901963
-0.194437291,-0.249853853,0.757421727,-0.66307554,-0.53794909,0.850016871
-0.476781848,-0.367134636,-0.380199,0.558375636,0.003107317,-0.738187934
1.270849125,-0.350637498,0.120579658,0.677515426,0.229956488,0.18164277
-0.046295476,0.232516665,1.289370796,-0.855201867,-0.647851173,0.145872479
0.011242359,-0.30642434,-0.858247381,-0.885255148,-0.588673129,0.882086869
-0.791663962,-0.269352353,-1.231752644,-1.055914846,-0.709142719,0.497039562
0.147794383,-0.134187596,-0.434036258,-0.542862419,-0.376618469,0.221471941
2.835980032,-0.309694789,0.308730165,1.742260212,1.386041859,-0.699104894
-0.324058932,-0.351299867,-0.008053999,0.3147294,0.139075919,0.011851592
-0.843720138,-0.297896334,-0.396234478,-0.796168638,-0.610512645,0.276606042
-1.030076943,-0.14016962,-0.114398854,-0.765042027,-0.594309133,0.032393086
0.233699799,0.032832989,0.086740849,0.826708496,0.525846711,-0.090010286
-0.521320321,0.193333375,-0.195619394,-0.553595733,-0.475248543,0.214199796
-0.729779955,0.065371886,-0.046633072,-0.577209025,-0.51047357,0.014288406
1.254815275,-0.163994219,0.074452183,0.690395403,0.315905553,0.150577657
-0.07568108,-0.22892712,-0.199109768,-0.69312882,-0.556970605,0.638608412
-0.185627483,-0.336500051,0.019574908,-0.702788803,-0.610512645,0.772855445
-0.989121125,-0.401018971,1.609543584,3.622736891,4.82682245,-1.899187602
-0.877647688,-0.310460654,-0.764487272,-0.460215898,-0.443546019,1.088081044
-0.626548583,-0.386695233,-0.485320832,0.034589895,-0.33787094,1.360939585
-0.08484328,-0.253931565,0.352306962,0.276089468,0.156688433,-0.193924369
3.638671002,-0.403171671,0.525498238,3.073191195,3.118408663,-1.771313419
3.107106767,-0.389531002,0.928180007,2.959418062,3.078956633,-1.666930714
1.164328758,-0.399238853,0.01095937,1.443874072,1.553712985,-0.543913303
0.794747525,-0.134332489,0.262697059,0.930821645,0.988703559,-0.350551703
-0.881876396,-0.309549896,-1.32163018,-1.045181532,-0.753526253,1.71296531
0.27109254,-0.270408004,-0.359980166,-0.293849525,-0.299827911,0.17089913
0.050494948,5.681332979,-0.319293636,-0.77470201,-0.529495084,2.347183628
-0.74822182,2.672375066,-0.930890725,-1.205107916,-0.692234707,0.471571127
-0.889746491,-0.402695593,-0.38593193,-0.947508371,-0.735209239,-1.28524338
-0.826961926,-0.364981935,-0.708538361,-0.635168923,-0.526677082,0.040403832
0.612795625,-0.36467145,-0.351494025,0.236376205,-0.269534388,0.872484638
-0.807834854,-0.328717211,-0.3872242,-0.6856155,-0.544289595,1.187616862
-0.550549306,-0.334098962,-0.703272749,-0.877741828,-0.625307156,1.466983327
-0.517639779,-0.314600463,-1.214094174,-0.733915415,-0.59008213,0.72358609
0.391551981,-0.38891003,-0.563383002,0.264282822,-0.091295754,0.800228227
-0.915118738,-0.393339626,-1.535644921,-0.561109054,-0.716187725,-0.149853483
0.044073577,-0.253641778,-0.746572877,0.089329798,-0.160336806,0.345489627
-0.022469839,-0.263970601,-0.780481962,0.32224272,-0.106090265,0.25831051
-0.310981262,-0.40277839,-1.433562757,2.200572736,1.880601231,-1.953462726
-0.892585207,-0.226236244,-2.497150083,-0.488122516,-0.735209239,-0.360409471
0.173714795,-0.227974964,0.390100585,-0.103869861,-0.235013862,-0.628114225
-1.022324312,-0.392263275,0.205968007,-0.777922004,-0.660532183,-1.636492763
-0.013483835,-0.321845128,0.040038114,-0.977561651,-0.707733718,-0.113925202
2.122072349,-0.40081198,1.875541914,3.752609995,4.923339022,-1.882847438
-0.241031386,-0.252917312,-0.599107369,-0.473095876,-0.415365998,0.677414992
0.806004502,-0.122244248,-0.033078049,0.308289411,0.47160017,-0.075221231
0.199556899,-0.213382138,0.703587496,-0.395816012,-0.499906062,0.736703496
-0.461276586,-0.118352828,0.448525879,-0.718888775,-0.661941184,1.107789966
-1.003412591,-0.391021333,0.467216894,-0.628728934,-0.413252497,0.126235716
4.629656935,-0.405427867,1.306920244,2.782318375,3.038095603,-1.561446695
0.621703319,-0.393484519,-0.664650933,0.087183135,-0.001119686,0.620004204
-0.777255032,0.047777699,0.551415821,-0.831588576,-0.702802215,-1.220833705
0.236421051,-0.379450567,0.950124356,-0.257356257,-0.292782906,0.732698563
-0.980017656,-0.346849573,-1.34054399,-0.889548473,-0.687303203,-2.590216619
-0.080379644,-0.38394226,1.056037116,-0.466655887,-0.592195631,-0.235191068
0.025670867,-0.17871124,0.346399057,-0.613702294,-0.416070499,0.777199703
0.525735145,-0.008854885,0.696941505,-0.290629531,-0.368868963,0.634708553
-0.689998778,-0.307045312,0.6239987,-0.879888491,-0.673213192,0.529419567
0.452985708,-0.277735465,0.469668064,0.262136159,0.134144416,-0.093664844
1.418893054,-0.325115577,0.034344204,0.581988928,0.337040569,0.562000575
-0.209551006,-0.310067372,0.078491275,-0.52139579,-0.432274011,0.293603609
-0.706189247,-0.394622966,-0.064968129,-0.373276052,-0.450591025,-1.398215867
3.556074158,-0.397852017,2.906999472,4.436322121,5.458759426,-2.174475959
-0.717641998,-0.327495967,-0.687062215,-0.49885583,-0.48370255,0.658639668
0.623386972,-0.063293371,-0.080261045,0.690395403,0.194026961,0.451937919
-0.301662443,-0.077472216,-1.283650401,-0.46880255,-0.640101667,0.200255065
0.120268627,-0.051743304,-0.496479572,-0.509589144,-0.370982465,0.845114309
-0.080751613,-0.088256418,-0.224668893,-0.687762163,-0.627420658,0.49571565
-0.128344154,-0.115517059,0.028694958,-0.492415841,-0.513291572,-0.276054348
-0.842741271,0.417152137,-0.470908673,-0.248769605,-0.306168416,0.809781934
0.103980271,-0.370819066,-0.08892453,0.192369616,0.110191398,0.174552561
-0.988670845,-0.389199817,-2.573965265,-0.731768752,-0.761275759,-0.777413039
-0.14884164,-0.204792035,0.678113783,-0.480609196,-0.31180442,0.164902457
1.957877106,-0.383983658,0.458861637,2.283219257,2.1053369,-1.332106047
-0.167655475,-0.362746439,-0.083989516,0.836368479,0.463850664,0.116862757
3.166386985,-0.363615799,0.608723589,2.111486227,1.965845795,-1.116547853
-0.489115579,-0.117793953,-0.165622069,0.473582453,0.215866477,0.372368064
0.213730901,-0.276659115,-0.227069143,-0.52139579,-0.254739877,1.205047434
-0.577331123,-0.397127551,-7.010826255,0.887888388,-0.754935254,-2.889835393
2.565518927,-0.372930368,0.067811205,1.191641184,0.773126397,0.034962377
1.081477409,-0.327061287,0.183700939,0.592722242,0.398332115,0.406540645
-0.779858819,-0.379905946,-0.942382759,-0.343222772,-0.316735924,0.139838174
-0.385610124,-0.270697791,-0.288761904,-0.316389486,-0.301941413,0.603128525
0.494391806,-0.32937958,0.092086355,0.423135875,0.234183491,0.211174852
0.12749267,0.890829057,-0.516988641,-0.573989031,-0.478066545,1.209111562
1.937986517,-0.378912392,0.388504822,1.348347574,1.076061625,-0.804156275
0.378043608,0.362196175,0.102061305,0.291116108,0.163733438,0.231992961
-0.51223643,-0.308225157,-0.085451841,-0.404402664,-0.314622422,0.071876649
-0.460610956,-0.340474268,-0.36984097,0.52402903,0.221502482,-0.488371794
-0.143203363,-0.299759248,-0.110839777,-0.148949781,-0.306168416,1.52436337
-0.086526932,-0.323645945,-0.327150103,-0.454849241,-0.155405302,-0.46633765
0.327886435,-0.205413006,-0.11084557,-0.203689685,-0.213174346,0.219944802
0.850073119,-0.197982049,0.556138812,0.62062886,0.309565048,0.142198918
0.871901866,-0.149235801,0.35887603,0.778408581,0.447647152,0.101934171
-0.312371254,-0.196947097,0.291529206,-0.20798301,-0.263193884,-0.399560586
-0.963553104,-0.329006997,0.025910224,-0.867008513,-0.698575211,-0.576822868
-0.503661551,0.490882131,0.238608458,-0.780068667,-0.728868734,2.69094272
-0.685907112,-0.286222073,-0.282616231,-0.520322459,-0.492861056,-1.271591462
1.085960622,-0.239214545,0.686887267,0.29970276,0.329995563,-0.132531849
-0.627997307,-0.100903534,0.507077845,-0.741428735,-0.489338554,0.366715306
-0.23169299,1.398100526,1.12645991,-0.898135125,-0.64362417,1.04671883
-0.600921831,-0.019411398,-0.207987225,-0.673808854,-0.59008213,1.162715288
-0.339016028,-0.090905895,-0.222512078,-0.377569378,-0.399866986,0.379882204
-0.887808333,-0.126860135,-0.223560725,-0.599748985,-0.544994096,-0.040645194
-1.032974391,-0.387812981,0.271703876,-0.689908826,-0.609808145,-2.314107768
-0.431793095,0.024781061,0.416705603,-0.712448786,-0.462567534,2.237350233
-0.315229547,0.485127797,0.305640143,-0.809048616,-0.647146673,3.266902592
-0.513215298,1.136092028,-0.768185505,-0.858421862,-0.675326694,2.7225395
1.00238491,-0.355625968,0.21011586,1.354787563,1.434652395,-0.499513563
-0.681521785,-0.013988248,-0.779334889,-0.361469406,-0.599240637,0.635537
0.686093227,-0.272250219,0.228019412,-0.077036575,-0.505542066,-0.176343889
-0.580111107,-0.348774584,0.894641357,-1.171834642,-0.75000375,1.643515772
-0.184511574,-0.364899139,0.498481263,0.53154235,0.266590515,-0.183555712
1.501196238,-0.275003192,0.450123021,1.291461008,1.054926609,-0.521066722
-0.903176553,-0.269807732,0.143958853,-0.645902237,-0.449886524,-1.048066519
0.33908468,-0.315138638,0.711933073,-0.154316439,-0.056775228,0.593751912
-0.521868487,-0.09837825,0.692667604,-0.81226861,-0.52385908,-1.125471118
-0.022332798,-0.065673761,0.8967624,0.076449821,0.1137139,-0.104612297
0.732021693,-0.282516945,0.308865175,0.168756324,0.004516318,0.641828832
0.133013483,-0.199286089,-0.407110847,0.938334965,0.679427826,-0.711737956
-0.853763319,-0.372474989,-0.033519287,0.198809604,0.024946834,-0.891518041
-0.28748844,-0.233832793,1.357005335,-0.566475711,-0.416070499,-0.494793439
-0.339348843,4.628827995,-0.038362592,-0.642682243,-0.518927576,-0.062556888
-0.566994281,2.823043406,-0.084410711,-0.772555347,-0.509064569,0.31211789
-0.547299466,5.873606397,0.040562555,-0.642682243,-0.533017587,0.414989892
-0.158806512,-0.381106491,-0.351805688,-0.826221919,-0.628829659,1.437979237
-0.630033352,-0.363222517,-0.201474546,-0.621215614,-0.516109574,-0.049660115
-1.121835987,-0.381168588,-1.491856222,-0.14036313,-0.385072475,-1.280126148
-0.090814372,-0.293963516,0.025840752,-0.330342794,-0.435796514,0.911884766
0.826991422,-0.297461654,-0.078022868,0.254622839,-0.062411232,0.584115429
-0.409122523,-0.39129042,-0.196198254,0.528322356,0.160915436,-0.014064511
-1.267902603,0.222353435,0.02387724,-0.886328479,-0.685894202,2.88802438
-0.949751072,0.155164338,0.364798615,-0.813341941,-0.614739648,1.352200878
-0.921520531,0.696092452,0.651824727,-0.988294966,-0.688712204,0.904909226
-0.698867318,5.767213312,0.857835428,-0.907795108,-0.637283665,1.23998904
0.062985298,0.510980903,0.757773144,-0.007270032,-0.146246795,0.353353436
-0.650883231,-0.129364719,0.222443868,-0.175783067,-0.204015839,0.10149554
-0.3739616,-0.388019971,0.135266635,-0.414062647,-0.399866986,-1.129413603
-0.895463077,-0.318181397,-0.672992271,-0.784361993,-0.526677082,-1.131426175
-1.245995548,-0.368045394,-1.255688251,-1.047328195,-0.728164234,-2.201638943
-0.504385913,-0.328137637,0.185065695,-0.624435608,-0.435092013,-0.754200346
-0.65812685,0.04018115,1.207420664,-0.715668781,-0.646442172,0.465481088
0.823898201,-0.332919117,0.790275939,0.366249309,0.024242333,0.026133634
-0.288349844,-0.317498329,0.334925644,0.100063112,-0.177949319,0.267980614
-0.049897708,-0.353638859,0.433194196,-0.227302976,-0.310395419,-0.538472327
-0.429737473,-0.354446122,0.171476358,-1.127828053,-0.702802215,-1.959176595
-0.417482051,-0.088815292,0.018736097,-0.541789088,-0.44495502,-0.247438527
-0.627468719,-0.03516337,-0.25546564,-0.142509793,-0.273056891,-0.177410339
-0.685789647,-0.270366606,-0.600968997,-0.657708883,-0.492156556,-1.368124512
-0.798339839,-0.313089432,-0.097730224,-0.302436177,-0.292782906,-1.214341661
-0.946011798,-0.100303261,0.440454974,-1.038741543,-0.71055172,-1.588192935
-0.630601095,0.341662724,0.585457171,-1.018348246,-0.606990142,1.384778905
-0.95627033,-0.138699988,-1.17511335,-1.062354835,-0.766207262,2.777557212
0.867594849,0.402973292,-0.452549075,0.873935079,0.107373396,-0.164702448
-0.209648893,-0.38350758,0.46639833,1.704693612,1.655161061,-0.74739963
-0.505521399,-0.212657672,0.375925896,-0.379716041,-0.363232959,0.351683219
-0.349587798,-0.30145657,0.422819448,0.104356438,0.060876361,-0.181522454
-0.752861652,-0.335196011,0.420002582,-0.659855546,-0.509769069,-0.917859543
-0.473277502,-0.149442791,-0.663430534,-1.160027996,-0.677440196,2.823743512
-0.136938611,0.271948344,0.597273622,-0.646975569,-0.522450079,-0.409101979
-0.71570384,-0.129633806,-0.201707879,-0.672735523,-0.47102154,1.879303233
-0.402505378,-0.150726132,0.121049456,-0.847688547,-0.628125158,1.819772591
-0.62923068,-0.033403951,-1.227056764,-1.284534443,-0.747185748,1.58266748
-0.205204834,0.22916342,0.769782584,-0.748942055,-0.636579165,0.20209586
-0.904214153,0.020703349,-7.812375311,0.273942805,-0.767616263,-2.924138637
-0.742074532,-0.337162421,-0.497897082,-0.388302692,-0.263898384,-0.463978865
-0.559124186,-0.306776224,0.160627291,-0.719962106,-0.478771046,0.024529309
0.008423221,0.016480744,0.451961413,-0.520322459,-0.328007932,0.00113433
1.032925578,-0.374793282,0.52361488,0.733328661,0.567412242,-0.586420687
1.509281684,-0.336562148,0.232154348,0.352296,0.199662965,0.134783987
-0.716017077,-0.394022694,-0.423119314,-0.748942055,-0.668281689,1.03899542
-0.636689651,-0.169375971,-0.511161668,-0.0437633,-0.108203767,-1.471463885
-1.082270161,-0.399342348,0.477297694,0.488609093,0.129917413,-0.423335121
-0.857933295,-0.393422422,-0.302808209,-0.11030985,-0.199084335,-0.455757298
-1.25750703,-0.401702039,-1.698011827,-1.48417409,-0.769729765,-0.332468642
-0.183141159,-0.120774616,-0.001799118,0.066789838,-0.119475775,0.444593064
0.954616174,-0.377960236,0.507266666,1.16588123,0.954887534,-0.170689342
-1.103863979,-0.389717293,0.248997236,-0.527835779,-0.473839542,1.175189112
-0.681678404,-0.33349869,-1.126981012,-0.716742112,-0.743663245,0.734070245
